{"return_eval":-26.278689122012686,"mean_reward":-0.5188744392434947,"mean_loss_p":2.1181982464625917,"eta_sigma":10,"max_kl_mu":0.14657330513000488,"_runtime":34,"_timestamp":1.7631308040511265e+09,"mean_q":2.150200748032537,"mean_loss_q":0.9512395041769949,"eta":0.6643893693900109,"eta_mu":0,"max_kl_sigma":0.0512087345123291,"mean_sigma_det":0.0031007321670266062,"_step":3,"max_return_eval":-26.278689122012686,"iteration":4,"mean_return":-25.65476684469378,"_wandb":{"runtime":34},"mean_loss_l":2.192823426641267}